<?xml version="1.0" encoding="UTF-8"?>
<faces-config xmlns="http://xmlns.jcp.org/xml/ns/javaee"
	xmlns:xsi="http://www.w3.org/2001/XMLSchema-instance"
	xsi:schemaLocation="http://xmlns.jcp.org/xml/ns/javaee http://xmlns.jcp.org/xml/ns/javaee/web-facesconfig_2_3.xsd"
	version="2.3">

 	<managed-bean>
		<managed-bean-name>login</managed-bean-name>
		<managed-bean-class>com.osdl.domain.LoginBean</managed-bean-class>
		<managed-bean-scope>session</managed-bean-scope>
	</managed-bean>
 <!--    -->
	<navigation-rule>
		<from-view-id>/Login.jsf</from-view-id>
		<navigation-case>
		<from-action>#{login.loginAuthentication}</from-action>
			<from-outcome>Search</from-outcome>
			<to-view-id>/Search.jsf</to-view-id>
			<redirect />
		</navigation-case>

		<navigation-case>
		<from-action>#{login.loginAuthentication}</from-action>
			<from-outcome>failedLogin</from-outcome>
			<to-view-id>/failedLogin.jsf</to-view-id>
			<redirect />
		</navigation-case>

	</navigation-rule>

</faces-config>
